{
  "token_acc": 1.0,
  "token_p": 0.9988117635,
  "token_r": 0.9995045581,
  "token_f": 0.9991580407,
  "pos_acc": 0.9620566673,
  "morph_acc": 0.9489325871,
  "morph_micro_p": 0.9764498392,
  "morph_micro_r": 0.9699093157,
  "morph_micro_f": 0.9731685881,
  "morph_per_feat": {
    "Mood": {
      "p": 0.9680981595,
      "r": 0.954050786,
      "f": 0.9610231425
    },
    "Number": {
      "p": 0.9926366912,
      "r": 0.9867621866,
      "f": 0.9896907216
    },
    "Person": {
      "p": 0.9666307858,
      "r": 0.9583778015,
      "f": 0.9624866024
    },
    "Tense": {
      "p": 0.9285714286,
      "r": 0.9407894737,
      "f": 0.9346405229
    },
    "VerbForm": {
      "p": 0.9651070579,
      "r": 0.9643423138,
      "f": 0.9647245343
    },
    "Gender": {
      "p": 0.9607501933,
      "r": 0.9502772997,
      "f": 0.9554850495
    },
    "PronType": {
      "p": 0.9895724713,
      "r": 0.980878553,
      "f": 0.9852063327
    },
    "Definite": {
      "p": 0.9972789116,
      "r": 0.9932249322,
      "f": 0.9952477936
    },
    "NumType": {
      "p": 0.9672131148,
      "r": 0.9672131148,
      "f": 0.9672131148
    },
    "Voice": {
      "p": 0.9285714286,
      "r": 0.9069767442,
      "f": 0.9176470588
    },
    "Polarity": {
      "p": 1.0,
      "r": 1.0,
      "f": 1.0
    },
    "Case": {
      "p": 0.9191919192,
      "r": 0.9285714286,
      "f": 0.923857868
    }
  },
  "sents_p": 0.9285943232,
  "sents_r": 0.9580041886,
  "sents_f": 0.9430700231,
  "dep_uas": 0.8872760786,
  "dep_las": 0.8425781925,
  "dep_las_per_type": {
    "cop": {
      "p": 0.8533333333,
      "r": 0.9078014184,
      "f": 0.8797250859
    },
    "root": {
      "p": 0.9038112523,
      "r": 0.8892857143,
      "f": 0.896489649
    },
    "det": {
      "p": 0.9626373626,
      "r": 0.9615806806,
      "f": 0.9621087315
    },
    "amod": {
      "p": 0.9226932668,
      "r": 0.9024390244,
      "f": 0.9124537608
    },
    "nsubj": {
      "p": 0.8576329331,
      "r": 0.872600349,
      "f": 0.8650519031
    },
    "case": {
      "p": 0.9739019733,
      "r": 0.9763880026,
      "f": 0.9751434034
    },
    "nmod": {
      "p": 0.7956521739,
      "r": 0.8151447661,
      "f": 0.8052805281
    },
    "flat:name": {
      "p": 0.8367346939,
      "r": 0.8945454545,
      "f": 0.8646748682
    },
    "acl": {
      "p": 0.6228070175,
      "r": 0.6120689655,
      "f": 0.6173913043
    },
    "advmod": {
      "p": 0.8011527378,
      "r": 0.7897727273,
      "f": 0.7954220315
    },
    "obl": {
      "p": 0.6247464503,
      "r": 0.633744856,
      "f": 0.6292134831
    },
    "conj": {
      "p": 0.5518518519,
      "r": 0.5498154982,
      "f": 0.550831793
    },
    "cc": {
      "p": 0.8638297872,
      "r": 0.8826086957,
      "f": 0.8731182796
    },
    "obj": {
      "p": 0.8530612245,
      "r": 0.8053949904,
      "f": 0.828543112
    },
    "obl:agent": {
      "p": 0.7647058824,
      "r": 0.8666666667,
      "f": 0.8125
    },
    "acl:relcl": {
      "p": 0.6380952381,
      "r": 0.6320754717,
      "f": 0.63507109
    },
    "mark": {
      "p": 0.8544600939,
      "r": 0.8504672897,
      "f": 0.8524590164
    },
    "advcl": {
      "p": 0.56,
      "r": 0.625,
      "f": 0.5907172996
    },
    "xcomp": {
      "p": 0.8333333333,
      "r": 0.76,
      "f": 0.7949790795
    },
    "iobj": {
      "p": 0.5,
      "r": 0.2272727273,
      "f": 0.3125
    },
    "appos": {
      "p": 0.5593220339,
      "r": 0.6036585366,
      "f": 0.5806451613
    },
    "fixed": {
      "p": 0.74,
      "r": 0.6607142857,
      "f": 0.6981132075
    },
    "nummod": {
      "p": 0.9607843137,
      "r": 0.9423076923,
      "f": 0.9514563107
    },
    "aux": {
      "p": 0.9242424242,
      "r": 0.9838709677,
      "f": 0.953125
    },
    "csubj": {
      "p": 0.3333333333,
      "r": 0.125,
      "f": 0.1818181818
    },
    "ccomp": {
      "p": 0.5862068966,
      "r": 0.5666666667,
      "f": 0.5762711864
    },
    "orphan": {
      "p": 0.0,
      "r": 0.0,
      "f": 0.0
    },
    "flat": {
      "p": 1.0,
      "r": 1.0,
      "f": 1.0
    },
    "aux:pass": {
      "p": 0.9850746269,
      "r": 0.9705882353,
      "f": 0.9777777778
    },
    "nsubj:pass": {
      "p": 0.8490566038,
      "r": 0.8333333333,
      "f": 0.8411214953
    },
    "parataxis": {
      "p": 0.4181818182,
      "r": 0.323943662,
      "f": 0.3650793651
    },
    "list": {
      "p": 0.0,
      "r": 0.0,
      "f": 0.0
    },
    "expl": {
      "p": 0.76,
      "r": 1.0,
      "f": 0.8636363636
    },
    "dep": {
      "p": 0.0,
      "r": 0.0,
      "f": 0.0
    },
    "compound": {
      "p": 1.0,
      "r": 0.6,
      "f": 0.75
    },
    "vocative": {
      "p": 0.0,
      "r": 0.0,
      "f": 0.0
    },
    "discourse": {
      "p": 0.0,
      "r": 0.0,
      "f": 0.0
    },
    "expl:pass": {
      "p": 0.0,
      "r": 0.0,
      "f": 0.0
    },
    "flat:foreign": {
      "p": 1.0,
      "r": 0.25,
      "f": 0.4
    }
  },
  "lemma_acc": 0.9666683176,
  "tag_acc": 0.887755102,
  "ents_p": 0.8794979573,
  "ents_r": 0.881211501,
  "ents_f": 0.8803538953,
  "ents_per_type": {
    "LOC": {
      "p": 0.9005969016,
      "r": 0.9177918425,
      "f": 0.9091130732
    },
    "PER": {
      "p": 0.8839581951,
      "r": 0.8993248945,
      "f": 0.8915753367
    },
    "ORG": {
      "p": 0.8353077816,
      "r": 0.8032164396,
      "f": 0.8189478479
    },
    "MISC": {
      "p": 0.7941810345,
      "r": 0.7313926563,
      "f": 0.7614947477
    }
  },
  "speed": 11591.7405417835
}